{
  "name": "videogular-controls",
  "version": "1.4.4",
  "main": "./vg-controls.js",
  "dependencies": {
    "videogular": "~1.4.4"
  },
  "homepage": "https://github.com/2fdevs/bower-videogular-controls",
  "_release": "1.4.4",
  "_resolution": {
    "type": "version",
    "tag": "v1.4.4",
    "commit": "07a9b7f3f4066016dcb5959da36232874d180358"
  },
  "_source": "https://github.com/2fdevs/bower-videogular-controls.git",
  "_target": "^1.4.4",
  "_originalSource": "videogular-controls",
  "_direct": true
}